{"cameraMode":{"drawMode":0,"name":"Shaded","section":"Shading Mode"},"sceneLighting":true,"audioPlay":false,"sceneViewState":{"showFog":true,"showMaterialUpdate":false,"showSkybox":true,"showFlares":true,"showImageEffects":true,"showParticleSystems":true},"in2DMode":false,"pivot":{"x":30.744644165039064,"y":16.661230087280275,"z":10.076099395751954},"rotation":{"x":-0.2510692775249481,"y":0.01364543754607439,"z":-0.0035396271850913765,"w":-0.9678664803504944},"size":56.37728500366211,"orthographic":false}